{
  "info": {
    "name": "Event Management System API",
    "schema": "https://schema.getpostman.com/json/collection/v2.1.0/collection.json",
    "description": "Postman collection for testing the Event Management System API - includes all CRUD operations."
  },
  "item": [
    {
      "name": "Get All Events",
      "request": {
        "method": "GET",
        "header": [],
        "url": {
          "raw": "https://localhost:5001/api/events",
          "protocol": "https",
          "host": [
            "localhost"
          ],
          "port": "5001",
          "path": [
            "api",
            "events"
          ]
        },
        "description": "Fetches all events from the database."
      }
    },
    {
      "name": "Get Event By ID",
      "request": {
        "method": "GET",
        "header": [],
        "url": {
          "raw": "https://localhost:5001/api/events/1",
          "protocol": "https",
          "host": [
            "localhost"
          ],
          "port": "5001",
          "path": [
            "api",
            "events",
            "1"
          ]
        },
        "description": "Fetches a single event by its ID."
      }
    },
    {
      "name": "Create New Event",
      "request": {
        "method": "POST",
        "header": [
          {
            "key": "Content-Type",
            "value": "application/json"
          }
        ],
        "body": {
          "mode": "raw",
          "raw": "{\n    \"title\": \"Sample Event\",\n    \"description\": \"Description here\",\n    \"date\": \"2025-12-01T00:00:00\",\n    \"location\": \"Beer Sheva\"\n}"
        },
        "url": {
          "raw": "https://localhost:5001/api/events",
          "protocol": "https",
          "host": [
            "localhost"
          ],
          "port": "5001",
          "path": [
            "api",
            "events"
          ]
        },
        "description": "Creates a new event with title, description, date, and location."
      }
    },
    {
      "name": "Update Event",
      "request": {
        "method": "PUT",
        "header": [
          {
            "key": "Content-Type",
            "value": "application/json"
          }
        ],
        "body": {
          "mode": "raw",
          "raw": "{\n    \"id\": 1,\n    \"title\": \"Updated Event\",\n    \"description\": \"Updated description\",\n    \"date\": \"2025-12-01T00:00:00\",\n    \"location\": \"Tel Aviv\"\n}"
        },
        "url": {
          "raw": "https://localhost:5001/api/events/1",
          "protocol": "https",
          "host": [
            "localhost"
          ],
          "port": "5001",
          "path": [
            "api",
            "events",
            "1"
          ]
        },
        "description": "Updates an existing event by its ID."
      }
    },
    {
      "name": "Delete Event",
      "request": {
        "method": "DELETE",
        "header": [],
        "url": {
          "raw": "https://localhost:5001/api/events/1",
          "protocol": "https",
          "host": [
            "localhost"
          ],
          "port": "5001",
          "path": [
            "api",
            "events",
            "1"
          ]
        },
        "description": "Deletes an event by its ID."
      }
    }
  ]
}